CASE_REFERENCE,X_COORD,Y_COORD,ADDRESS,COUNCIL,NEIGHBORHOOD,PRECINCT,NSA
101000023491,11787799.1101819,3744601.5967397,5102 Crenshaw Road,3,Pine Camp,4,North-1
101000099327,11789386.0056401,3742045.00364857,800 Forest Lawn Dr,3,Pine Camp,4,North-1
101000099337,11789386.0056401,3742045.00364857,800 Forest Lawn Dr,3,Pine Camp,4,North-1
101000099345,11789386.0056401,3742045.00364857,800 Forest Lawn Dr,3,Pine Camp,4,North-1
101000104288,11789386.006334,3742045.00415,800 Forest Lawn Dr,3,Pine Camp,4,North-1
101000108808,11789386.006334,3742045.00415,800 Forest Lawn Dr,3,Pine Camp,4,North-1
101000116889,11787323.029379,3744446.086149,Old Brook Road @ Azalea Ave,3,Pine Camp,4,North-1
